"OBJECTID","ID_0","ISO","NAME_0","ID_1","NAME_1","ID_2","NAME_2","ID_3","NAME_3","CCN_3","CCA_3","TYPE_3","ENGTYPE_3","NL_NAME_3","VARNAME_3"
1,211,"ZAF","South Africa",1,"Eastern Cape",1,"Alfred Nzo",1,"Matatiele",NA,"EC441","Local Municipality","Local Municipality","",""
2,211,"ZAF","South Africa",1,"Eastern Cape",1,"Alfred Nzo",2,"Mbizana",NA,"EC443","Local Municipality","Local Municipality","",""
3,211,"ZAF","South Africa",1,"Eastern Cape",1,"Alfred Nzo",3,"Ntabankulu",NA,"EC444","Local Municipality","Local Municipality","",""
4,211,"ZAF","South Africa",1,"Eastern Cape",1,"Alfred Nzo",4,"Umzimvubu",NA,"EC442","Local Municipality","Local Municipality","",""
5,211,"ZAF","South Africa",1,"Eastern Cape",2,"Amathole",5,"Amahlathi",NA,"EC124","Local Municipality","Local Municipality","",""
6,211,"ZAF","South Africa",1,"Eastern Cape",2,"Amathole",6,"Great Kei",NA,"EC123","Local Municipality","Local Municipality","",""
7,211,"ZAF","South Africa",1,"Eastern Cape",2,"Amathole",7,"Mbhashe",NA,"EC121","Local Municipality","Local Municipality","",""
8,211,"ZAF","South Africa",1,"Eastern Cape",2,"Amathole",8,"Mnquma",NA,"EC122","Local Municipality","Local Municipality","",""
9,211,"ZAF","South Africa",1,"Eastern Cape",2,"Amathole",9,"Ngqushwa",NA,"EC126","Local Municipality","Local Municipality","",""
10,211,"ZAF","South Africa",1,"Eastern Cape",2,"Amathole",10,"Nkonkobe",NA,"EC127","Local Municipality","Local Municipality","",""
11,211,"ZAF","South Africa",1,"Eastern Cape",2,"Amathole",11,"Nxuba",NA,"EC128","Local Municipality","Local Municipality","",""
12,211,"ZAF","South Africa",1,"Eastern Cape",3,"Buffalo City",12,"Buffalo City",NA,"BUF","Metropolitan Municipality","Metropolitan Municipality","",""
13,211,"ZAF","South Africa",1,"Eastern Cape",4,"Cacadu",13,"Baviaans",NA,"EC107","Local Municipality","Local Municipality","",""
14,211,"ZAF","South Africa",1,"Eastern Cape",4,"Cacadu",14,"Blue Crane Route",NA,"EC102","Local Municipality","Local Municipality","",""
15,211,"ZAF","South Africa",1,"Eastern Cape",4,"Cacadu",15,"Camdeboo",NA,"EC101","Local Municipality","Local Municipality","",""
16,211,"ZAF","South Africa",1,"Eastern Cape",4,"Cacadu",16,"Ikwezi",NA,"EC103","Local Municipality","Local Municipality","",""
17,211,"ZAF","South Africa",1,"Eastern Cape",4,"Cacadu",17,"Kou-Kamma",NA,"EC109","Local Municipality","Local Municipality","",""
18,211,"ZAF","South Africa",1,"Eastern Cape",4,"Cacadu",18,"Kouga",NA,"EC108","Local Municipality","Local Municipality","",""
19,211,"ZAF","South Africa",1,"Eastern Cape",4,"Cacadu",19,"Makana",NA,"EC104","Local Municipality","Local Municipality","",""
20,211,"ZAF","South Africa",1,"Eastern Cape",4,"Cacadu",20,"Ndlambe",NA,"EC105","Local Municipality","Local Municipality","",""
21,211,"ZAF","South Africa",1,"Eastern Cape",4,"Cacadu",21,"Sundays River Valley",NA,"EC106","Local Municipality","Local Municipality","",""
22,211,"ZAF","South Africa",1,"Eastern Cape",5,"Chris Hani",22,"Emalahleni",NA,"EC136","Local Municipality","Local Municipality","",""
23,211,"ZAF","South Africa",1,"Eastern Cape",5,"Chris Hani",23,"Engcobo",NA,"EC137","Local Municipality","Local Municipality","",""
24,211,"ZAF","South Africa",1,"Eastern Cape",5,"Chris Hani",24,"Inkwanca",NA,"EC133","Local Municipality","Local Municipality","",""
25,211,"ZAF","South Africa",1,"Eastern Cape",5,"Chris Hani",25,"Intsika Yethu",NA,"EC135","Local Municipality","Local Municipality","",""
26,211,"ZAF","South Africa",1,"Eastern Cape",5,"Chris Hani",26,"Inxuba Yethemba",NA,"EC131","Local Municipality","Local Municipality","",""
27,211,"ZAF","South Africa",1,"Eastern Cape",5,"Chris Hani",27,"Lukanji",NA,"EC134","Local Municipality","Local Municipality","",""
28,211,"ZAF","South Africa",1,"Eastern Cape",5,"Chris Hani",28,"Sakhisizwe",NA,"EC138","Local Municipality","Local Municipality","",""
29,211,"ZAF","South Africa",1,"Eastern Cape",5,"Chris Hani",29,"Tsolwana",NA,"EC132","Local Municipality","Local Municipality","",""
30,211,"ZAF","South Africa",1,"Eastern Cape",6,"Joe Gqabi",30,"Elundini",NA,"EC141","Local Municipality","Local Municipality","",""
31,211,"ZAF","South Africa",1,"Eastern Cape",6,"Joe Gqabi",31,"Gariep",NA,"EC144","Local Municipality","Local Municipality","",""
32,211,"ZAF","South Africa",1,"Eastern Cape",6,"Joe Gqabi",32,"Maletswai",NA,"EC143","Local Municipality","Local Municipality","",""
33,211,"ZAF","South Africa",1,"Eastern Cape",6,"Joe Gqabi",33,"Senqu",NA,"EC142","Local Municipality","Local Municipality","",""
34,211,"ZAF","South Africa",1,"Eastern Cape",7,"Nelson Mandela Bay",34,"Nelson Mandela Bay",NA,"NMA","Metropolitan Municipality","Metropolitan Municipality","",""
35,211,"ZAF","South Africa",1,"Eastern Cape",8,"O.R.Tambo",35,"King Sabata Dalindyebo",NA,"EC157","Local Municipality","Local Municipality","",""
36,211,"ZAF","South Africa",1,"Eastern Cape",8,"O.R.Tambo",36,"Mhlontlo",NA,"EC156","Local Municipality","Local Municipality","",""
37,211,"ZAF","South Africa",1,"Eastern Cape",8,"O.R.Tambo",37,"Ngquza Hill",NA,"EC153","Local Municipality","Local Municipality","",""
38,211,"ZAF","South Africa",1,"Eastern Cape",8,"O.R.Tambo",38,"Nyandeni",NA,"EC155","Local Municipality","Local Municipality","",""
39,211,"ZAF","South Africa",1,"Eastern Cape",8,"O.R.Tambo",39,"Port St Johns",NA,"EC154","Local Municipality","Local Municipality","",""
40,211,"ZAF","South Africa",2,"Free State",9,"Fezile Dabi",40,"Mafube",NA,"FS205","Local Municipality","Local Municipality","",""
41,211,"ZAF","South Africa",2,"Free State",9,"Fezile Dabi",41,"Metsimaholo",NA,"FS204","Local Municipality","Local Municipality","",""
42,211,"ZAF","South Africa",2,"Free State",9,"Fezile Dabi",42,"Moqhaka",NA,"FS201","Local Municipality","Local Municipality","",""
43,211,"ZAF","South Africa",2,"Free State",9,"Fezile Dabi",43,"Ngwathe",NA,"FS203","Local Municipality","Local Municipality","",""
44,211,"ZAF","South Africa",2,"Free State",10,"Lejweleputswa",44,"Masilonyana",NA,"FS181","Local Municipality","Local Municipality","",""
45,211,"ZAF","South Africa",2,"Free State",10,"Lejweleputswa",45,"Matjhabeng",NA,"FS184","Local Municipality","Local Municipality","",""
46,211,"ZAF","South Africa",2,"Free State",10,"Lejweleputswa",46,"Nala",NA,"FS185","Local Municipality","Local Municipality","",""
47,211,"ZAF","South Africa",2,"Free State",10,"Lejweleputswa",47,"Tokologo",NA,"FS182","Local Municipality","Local Municipality","",""
48,211,"ZAF","South Africa",2,"Free State",10,"Lejweleputswa",48,"Tswelopele",NA,"FS183","Local Municipality","Local Municipality","",""
49,211,"ZAF","South Africa",2,"Free State",11,"Mangaung",49,"Mangaung",NA,"MAN","Metropolitan Municipality","Metropolitan Municipality","",""
50,211,"ZAF","South Africa",2,"Free State",12,"Thabo Mofutsanyane",50,"Dihlabeng",NA,"FS192","Local Municipality","Local Municipality","",""
51,211,"ZAF","South Africa",2,"Free State",12,"Thabo Mofutsanyane",51,"Maluti a Phofung",NA,"FS194","Local Municipality","Local Municipality","",""
52,211,"ZAF","South Africa",2,"Free State",12,"Thabo Mofutsanyane",52,"Mantsopa",NA,"FS196","Local Municipality","Local Municipality","",""
53,211,"ZAF","South Africa",2,"Free State",12,"Thabo Mofutsanyane",53,"Nketoana",NA,"FS193","Local Municipality","Local Municipality","",""
54,211,"ZAF","South Africa",2,"Free State",12,"Thabo Mofutsanyane",54,"Phumelela",NA,"FS195","Local Municipality","Local Municipality","",""
55,211,"ZAF","South Africa",2,"Free State",12,"Thabo Mofutsanyane",55,"Setsoto",NA,"FS191","Local Municipality","Local Municipality","",""
56,211,"ZAF","South Africa",2,"Free State",13,"Xhariep",56,"Kopanong",NA,"FS162","Local Municipality","Local Municipality","",""
57,211,"ZAF","South Africa",2,"Free State",13,"Xhariep",57,"Letsemeng",NA,"FS161","Local Municipality","Local Municipality","",""
58,211,"ZAF","South Africa",2,"Free State",13,"Xhariep",58,"Mohokare",NA,"FS163","Local Municipality","Local Municipality","",""
59,211,"ZAF","South Africa",2,"Free State",13,"Xhariep",59,"Naledi",NA,"FS164","Local Municipality","Local Municipality","",""
60,211,"ZAF","South Africa",3,"Gauteng",14,"City of Johannesburg",60,"City of Johannesburg",NA,"JHB","Metropolitan Municipality","Metropolitan Municipality","",""
61,211,"ZAF","South Africa",3,"Gauteng",15,"City of Tshwane",61,"City of Tshwane",NA,"TSH","Metropolitan Municipality","Metropolitan Municipality","",""
62,211,"ZAF","South Africa",3,"Gauteng",16,"Ekurhuleni",62,"Ekurhuleni",NA,"EKU","Metropolitan Municipality","Metropolitan Municipality","",""
63,211,"ZAF","South Africa",3,"Gauteng",16,"Ekurhuleni",63,"Lesedi",NA,"GT423","Local Municipality","Local Municipality","",""
64,211,"ZAF","South Africa",3,"Gauteng",17,"Sedibeng",64,"Emfuleni",NA,"GT421","Local Municipality","Local Municipality","",""
65,211,"ZAF","South Africa",3,"Gauteng",17,"Sedibeng",65,"Midvaal",NA,"GT422","Local Municipality","Local Municipality","",""
66,211,"ZAF","South Africa",3,"Gauteng",18,"West Rand",66,"Merafong City",NA,"GT484","Local Municipality","Local Municipality","",""
67,211,"ZAF","South Africa",3,"Gauteng",18,"West Rand",67,"Mogale City",NA,"GT481","Local Municipality","Local Municipality","",""
68,211,"ZAF","South Africa",3,"Gauteng",18,"West Rand",68,"Randfontein",NA,"GT482","Local Municipality","Local Municipality","",""
69,211,"ZAF","South Africa",3,"Gauteng",18,"West Rand",69,"Westonaria",NA,"GT483","Local Municipality","Local Municipality","",""
70,211,"ZAF","South Africa",4,"KwaZulu-Natal",19,"Amajuba",70,"Dannhauser",NA,"KZN254","Local Municipality","Local Municipality","",""
71,211,"ZAF","South Africa",4,"KwaZulu-Natal",19,"Amajuba",71,"Emadlangeni",NA,"KZN253","Local Municipality","Local Municipality","",""
72,211,"ZAF","South Africa",4,"KwaZulu-Natal",19,"Amajuba",72,"Newcastle",NA,"KZN252","Local Municipality","Local Municipality","",""
73,211,"ZAF","South Africa",4,"KwaZulu-Natal",20,"eThekwini",73,"Ethekwini",NA,"ETH","Metropolitan Municipality","Metropolitan Municipality","",""
74,211,"ZAF","South Africa",4,"KwaZulu-Natal",21,"iLembe",74,"KwaDukuza",NA,"KZN292","Local Municipality","Local Municipality","",""
75,211,"ZAF","South Africa",4,"KwaZulu-Natal",21,"iLembe",75,"Mandeni",NA,"KZN291","Local Municipality","Local Municipality","",""
76,211,"ZAF","South Africa",4,"KwaZulu-Natal",21,"iLembe",76,"Maphumulo",NA,"KZN294","Local Municipality","Local Municipality","",""
77,211,"ZAF","South Africa",4,"KwaZulu-Natal",21,"iLembe",77,"Ndwedwe",NA,"KZN293","Local Municipality","Local Municipality","",""
78,211,"ZAF","South Africa",4,"KwaZulu-Natal",22,"Sisonke",78,"Greater Kokstad",NA,"KZN433","Local Municipality","Local Municipality","",""
79,211,"ZAF","South Africa",4,"KwaZulu-Natal",22,"Sisonke",79,"Ingwe",NA,"KZN431","Local Municipality","Local Municipality","",""
80,211,"ZAF","South Africa",4,"KwaZulu-Natal",22,"Sisonke",80,"Kwa Sani",NA,"KZN432","Local Municipality","Local Municipality","",""
81,211,"ZAF","South Africa",4,"KwaZulu-Natal",22,"Sisonke",81,"Ubuhlebezwe",NA,"KZN434","Local Municipality","Local Municipality","",""
82,211,"ZAF","South Africa",4,"KwaZulu-Natal",22,"Sisonke",82,"Umzimkhulu",NA,"KZN435","Local Municipality","Local Municipality","",""
83,211,"ZAF","South Africa",4,"KwaZulu-Natal",23,"Ugu",83,"Ezingoleni",NA,"KZN215","Local Municipality","Local Municipality","",""
84,211,"ZAF","South Africa",4,"KwaZulu-Natal",23,"Ugu",84,"Hibiscus Coast",NA,"KZN216","Local Municipality","Local Municipality","",""
85,211,"ZAF","South Africa",4,"KwaZulu-Natal",23,"Ugu",85,"Umdoni",NA,"KZN212","Local Municipality","Local Municipality","",""
86,211,"ZAF","South Africa",4,"KwaZulu-Natal",23,"Ugu",86,"UMuziwabantu",NA,"KZN214","Local Municipality","Local Municipality","",""
87,211,"ZAF","South Africa",4,"KwaZulu-Natal",23,"Ugu",87,"Umzumbe",NA,"KZN213","Local Municipality","Local Municipality","",""
88,211,"ZAF","South Africa",4,"KwaZulu-Natal",23,"Ugu",88,"Vulamehlo",NA,"KZN211","Local Municipality","Local Municipality","",""
89,211,"ZAF","South Africa",4,"KwaZulu-Natal",24,"Umgungundlovu",89,"Impendle",NA,"KZN224","Local Municipality","Local Municipality","",""
90,211,"ZAF","South Africa",4,"KwaZulu-Natal",24,"Umgungundlovu",90,"Mkhambathini",NA,"KZN226","Local Municipality","Local Municipality","",""
91,211,"ZAF","South Africa",4,"KwaZulu-Natal",24,"Umgungundlovu",91,"Mpofana",NA,"KZN223","Local Municipality","Local Municipality","",""
92,211,"ZAF","South Africa",4,"KwaZulu-Natal",24,"Umgungundlovu",92,"Richmond",NA,"KZN227","Local Municipality","Local Municipality","",""
93,211,"ZAF","South Africa",4,"KwaZulu-Natal",24,"Umgungundlovu",93,"The Msunduzi",NA,"KZN225","Local Municipality","Local Municipality","",""
94,211,"ZAF","South Africa",4,"KwaZulu-Natal",24,"Umgungundlovu",94,"uMngeni",NA,"KZN222","Local Municipality","Local Municipality","",""
95,211,"ZAF","South Africa",4,"KwaZulu-Natal",24,"Umgungundlovu",95,"uMshwathi",NA,"KZN221","Local Municipality","Local Municipality","",""
96,211,"ZAF","South Africa",4,"KwaZulu-Natal",25,"Umkhanyakude",96,"Hlabisa",NA,"KZN274","Local Municipality","Local Municipality","",""
97,211,"ZAF","South Africa",4,"KwaZulu-Natal",25,"Umkhanyakude",97,"Jozini",NA,"KZN272","Local Municipality","Local Municipality","",""
98,211,"ZAF","South Africa",4,"KwaZulu-Natal",25,"Umkhanyakude",98,"Mtubatuba",NA,"KZN275","Local Municipality","Local Municipality","",""
99,211,"ZAF","South Africa",4,"KwaZulu-Natal",25,"Umkhanyakude",99,"The Big 5 False Bay",NA,"KZN273","Local Municipality","Local Municipality","",""
100,211,"ZAF","South Africa",4,"KwaZulu-Natal",25,"Umkhanyakude",100,"Umhlabuyalingana",NA,"KZN271","Local Municipality","Local Municipality","",""
101,211,"ZAF","South Africa",4,"KwaZulu-Natal",26,"Umzinyathi",101,"Endumeni",NA,"KZN241","Local Municipality","Local Municipality","",""
102,211,"ZAF","South Africa",4,"KwaZulu-Natal",26,"Umzinyathi",102,"Msinga",NA,"KZN244","Local Municipality","Local Municipality","",""
103,211,"ZAF","South Africa",4,"KwaZulu-Natal",26,"Umzinyathi",103,"Nqutu",NA,"KZN242","Local Municipality","Local Municipality","",""
104,211,"ZAF","South Africa",4,"KwaZulu-Natal",26,"Umzinyathi",104,"Umvoti",NA,"KZN245","Local Municipality","Local Municipality","",""
105,211,"ZAF","South Africa",4,"KwaZulu-Natal",27,"Uthukela",105,"Emnambithi/Ladysmith",NA,"KZN232","Local Municipality","Local Municipality","",""
106,211,"ZAF","South Africa",4,"KwaZulu-Natal",27,"Uthukela",106,"Imbabazane",NA,"KZN236","Local Municipality","Local Municipality","",""
107,211,"ZAF","South Africa",4,"KwaZulu-Natal",27,"Uthukela",107,"Indaka",NA,"KZN233","Local Municipality","Local Municipality","",""
108,211,"ZAF","South Africa",4,"KwaZulu-Natal",27,"Uthukela",108,"Okhahlamba",NA,"KZN235","Local Municipality","Local Municipality","",""
109,211,"ZAF","South Africa",4,"KwaZulu-Natal",27,"Uthukela",109,"Umtshezi",NA,"KZN234","Local Municipality","Local Municipality","",""
110,211,"ZAF","South Africa",4,"KwaZulu-Natal",28,"Uthungulu",110,"Mfolozi",NA,"KZN281","Local Municipality","Local Municipality","",""
111,211,"ZAF","South Africa",4,"KwaZulu-Natal",28,"Uthungulu",111,"Mthonjaneni",NA,"KZN285","Local Municipality","Local Municipality","",""
112,211,"ZAF","South Africa",4,"KwaZulu-Natal",28,"Uthungulu",112,"Nkandla",NA,"KZN286","Local Municipality","Local Municipality","",""
113,211,"ZAF","South Africa",4,"KwaZulu-Natal",28,"Uthungulu",113,"Ntambanana",NA,"KZN283","Local Municipality","Local Municipality","",""
114,211,"ZAF","South Africa",4,"KwaZulu-Natal",28,"Uthungulu",114,"uMhlathuze",NA,"KZN282","Local Municipality","Local Municipality","",""
115,211,"ZAF","South Africa",4,"KwaZulu-Natal",28,"Uthungulu",115,"uMlalazi",NA,"KZN284","Local Municipality","Local Municipality","",""
116,211,"ZAF","South Africa",4,"KwaZulu-Natal",29,"Zululand",116,"Abaqulusi",NA,"KZN263","Local Municipality","Local Municipality","",""
117,211,"ZAF","South Africa",4,"KwaZulu-Natal",29,"Zululand",117,"eDumbe",NA,"KZN261","Local Municipality","Local Municipality","",""
118,211,"ZAF","South Africa",4,"KwaZulu-Natal",29,"Zululand",118,"Nongoma",NA,"KZN265","Local Municipality","Local Municipality","",""
119,211,"ZAF","South Africa",4,"KwaZulu-Natal",29,"Zululand",119,"Ulundi",NA,"KZN266","Local Municipality","Local Municipality","",""
120,211,"ZAF","South Africa",4,"KwaZulu-Natal",29,"Zululand",120,"UPhongolo",NA,"KZN262","Local Municipality","Local Municipality","",""
121,211,"ZAF","South Africa",5,"Limpopo",30,"Capricorn",121,"Aganang",NA,"LIM352","Local Municipality","Local Municipality","",""
122,211,"ZAF","South Africa",5,"Limpopo",30,"Capricorn",122,"Blouberg",NA,"LIM351","Local Municipality","Local Municipality","",""
123,211,"ZAF","South Africa",5,"Limpopo",30,"Capricorn",123,"Lepele-Nkumpi",NA,"LIM355","Local Municipality","Local Municipality","",""
124,211,"ZAF","South Africa",5,"Limpopo",30,"Capricorn",124,"Molemole",NA,"LIM353","Local Municipality","Local Municipality","",""
125,211,"ZAF","South Africa",5,"Limpopo",30,"Capricorn",125,"Polokwane",NA,"LIM354","Local Municipality","Local Municipality","",""
126,211,"ZAF","South Africa",5,"Limpopo",31,"Mopani",126,"Ba-Phalaborwa",NA,"LIM334","Local Municipality","Local Municipality","",""
127,211,"ZAF","South Africa",5,"Limpopo",31,"Mopani",127,"Greater Giyani",NA,"LIM331","Local Municipality","Local Municipality","",""
128,211,"ZAF","South Africa",5,"Limpopo",31,"Mopani",128,"Greater Letaba",NA,"LIM332","Local Municipality","Local Municipality","",""
129,211,"ZAF","South Africa",5,"Limpopo",31,"Mopani",129,"Greater Tzaneen",NA,"LIM333","Local Municipality","Local Municipality","",""
130,211,"ZAF","South Africa",5,"Limpopo",31,"Mopani",130,"Maruleng",NA,"LIM335","Local Municipality","Local Municipality","",""
131,211,"ZAF","South Africa",5,"Limpopo",32,"Sekhukhune",131,"Elias Motsoaledi",NA,"LIM472","Local Municipality","Local Municipality","",""
132,211,"ZAF","South Africa",5,"Limpopo",32,"Sekhukhune",132,"Ephraim Mogale",NA,"LIM471","Local Municipality","Local Municipality","",""
133,211,"ZAF","South Africa",5,"Limpopo",32,"Sekhukhune",133,"Fetakgomo",NA,"LIM474","Local Municipality","Local Municipality","",""
134,211,"ZAF","South Africa",5,"Limpopo",32,"Sekhukhune",134,"Greater Tubatse",NA,"LIM475","Local Municipality","Local Municipality","",""
135,211,"ZAF","South Africa",5,"Limpopo",32,"Sekhukhune",135,"Makhuduthamaga",NA,"LIM473","Local Municipality","Local Municipality","",""
136,211,"ZAF","South Africa",5,"Limpopo",33,"Vhembe",136,"Makhado",NA,"LIM344","Local Municipality","Local Municipality","",""
137,211,"ZAF","South Africa",5,"Limpopo",33,"Vhembe",137,"Musina",NA,"LIM341","Local Municipality","Local Municipality","",""
138,211,"ZAF","South Africa",5,"Limpopo",33,"Vhembe",138,"Mutale",NA,"LIM342","Local Municipality","Local Municipality","",""
139,211,"ZAF","South Africa",5,"Limpopo",33,"Vhembe",139,"Thulamela",NA,"LIM343","Local Municipality","Local Municipality","",""
140,211,"ZAF","South Africa",5,"Limpopo",34,"Waterberg",140,"Bela-Bela",NA,"LIM366","Local Municipality","Local Municipality","",""
141,211,"ZAF","South Africa",5,"Limpopo",34,"Waterberg",141,"Lephalale",NA,"LIM362","Local Municipality","Local Municipality","",""
142,211,"ZAF","South Africa",5,"Limpopo",34,"Waterberg",142,"Modimolle",NA,"LIM365","Local Municipality","Local Municipality","",""
143,211,"ZAF","South Africa",5,"Limpopo",34,"Waterberg",143,"Mogalakwena",NA,"LIM367","Local Municipality","Local Municipality","",""
144,211,"ZAF","South Africa",5,"Limpopo",34,"Waterberg",144,"Mookgopong",NA,"LIM364","Local Municipality","Local Municipality","",""
145,211,"ZAF","South Africa",5,"Limpopo",34,"Waterberg",145,"Thabazimbi",NA,"LIM361","Local Municipality","Local Municipality","",""
146,211,"ZAF","South Africa",6,"Mpumalanga",35,"Ehlanzeni",146,"Bushbuckridge",NA,"MP325","Local Municipality","Local Municipality","",""
147,211,"ZAF","South Africa",6,"Mpumalanga",35,"Ehlanzeni",147,"Mbombela",NA,"MP322","Local Municipality","Local Municipality","",""
148,211,"ZAF","South Africa",6,"Mpumalanga",35,"Ehlanzeni",148,"Nkomazi",NA,"MP324","Local Municipality","Local Municipality","",""
149,211,"ZAF","South Africa",6,"Mpumalanga",35,"Ehlanzeni",149,"Thaba Chweu",NA,"MP321","Local Municipality","Local Municipality","",""
150,211,"ZAF","South Africa",6,"Mpumalanga",35,"Ehlanzeni",150,"Umjindi",NA,"MP323","Local Municipality","Local Municipality","",""
151,211,"ZAF","South Africa",6,"Mpumalanga",36,"Gert Sibande",151,"Albert Luthuli",NA,"MP301","Local Municipality","Local Municipality","",""
152,211,"ZAF","South Africa",6,"Mpumalanga",36,"Gert Sibande",152,"Dipaleseng",NA,"MP306","Local Municipality","Local Municipality","",""
153,211,"ZAF","South Africa",6,"Mpumalanga",36,"Gert Sibande",153,"Govan Mbeki",NA,"MP307","Local Municipality","Local Municipality","",""
154,211,"ZAF","South Africa",6,"Mpumalanga",36,"Gert Sibande",154,"Lekwa",NA,"MP305","Local Municipality","Local Municipality","",""
155,211,"ZAF","South Africa",6,"Mpumalanga",36,"Gert Sibande",155,"Mkhondo",NA,"MP303","Local Municipality","Local Municipality","",""
156,211,"ZAF","South Africa",6,"Mpumalanga",36,"Gert Sibande",156,"Msukaligwa",NA,"MP302","Local Municipality","Local Municipality","",""
157,211,"ZAF","South Africa",6,"Mpumalanga",36,"Gert Sibande",157,"Pixley Ka Seme",NA,"MP304","Local Municipality","Local Municipality","",""
158,211,"ZAF","South Africa",6,"Mpumalanga",37,"Nkangala",158,"Dr JS Moroka",NA,"MP316","Local Municipality","Local Municipality","",""
159,211,"ZAF","South Africa",6,"Mpumalanga",37,"Nkangala",159,"Emakhazeni",NA,"MP314","Local Municipality","Local Municipality","",""
160,211,"ZAF","South Africa",6,"Mpumalanga",37,"Nkangala",160,"Emalahleni",NA,"MP312","Local Municipality","Local Municipality","",""
161,211,"ZAF","South Africa",6,"Mpumalanga",37,"Nkangala",161,"Steve Tshwete",NA,"MP313","Local Municipality","Local Municipality","",""
162,211,"ZAF","South Africa",6,"Mpumalanga",37,"Nkangala",162,"Thembisile",NA,"MP315","Local Municipality","Local Municipality","",""
163,211,"ZAF","South Africa",6,"Mpumalanga",37,"Nkangala",163,"Victor Khanye",NA,"MP311","Local Municipality","Local Municipality","",""
164,211,"ZAF","South Africa",7,"North West",38,"Bojanala",164,"Kgetlengrivier",NA,"NW374","Local Municipality","Local Municipality","",""
165,211,"ZAF","South Africa",7,"North West",38,"Bojanala",165,"Madibeng",NA,"NW372","Local Municipality","Local Municipality","",""
166,211,"ZAF","South Africa",7,"North West",38,"Bojanala",166,"Moretele",NA,"NW371","Local Municipality","Local Municipality","",""
167,211,"ZAF","South Africa",7,"North West",38,"Bojanala",167,"Moses Kotane",NA,"NW375","Local Municipality","Local Municipality","",""
168,211,"ZAF","South Africa",7,"North West",38,"Bojanala",168,"Rustenburg",NA,"NW373","Local Municipality","Local Municipality","",""
169,211,"ZAF","South Africa",7,"North West",39,"Dr Kenneth Kaunda",169,"City of Matlosana",NA,"NW403","Local Municipality","Local Municipality","",""
170,211,"ZAF","South Africa",7,"North West",39,"Dr Kenneth Kaunda",170,"Maquassi Hills",NA,"NW404","Local Municipality","Local Municipality","",""
171,211,"ZAF","South Africa",7,"North West",39,"Dr Kenneth Kaunda",171,"Tlokwe City Council",NA,"NW402","Local Municipality","Local Municipality","",""
172,211,"ZAF","South Africa",7,"North West",39,"Dr Kenneth Kaunda",172,"Ventersdorp",NA,"NW401","Local Municipality","Local Municipality","",""
173,211,"ZAF","South Africa",7,"North West",40,"Dr Ruth Segomotsi Mompati",173,"Greater Taung",NA,"NW394","Local Municipality","Local Municipality","",""
174,211,"ZAF","South Africa",7,"North West",40,"Dr Ruth Segomotsi Mompati",174,"Kagisano/Molopo",NA,"NW397","Local Municipality","Local Municipality","",""
175,211,"ZAF","South Africa",7,"North West",40,"Dr Ruth Segomotsi Mompati",175,"Lekwa-Teemane",NA,"NW396","Local Municipality","Local Municipality","",""
176,211,"ZAF","South Africa",7,"North West",40,"Dr Ruth Segomotsi Mompati",176,"Mamusa",NA,"NW393","Local Municipality","Local Municipality","",""
177,211,"ZAF","South Africa",7,"North West",40,"Dr Ruth Segomotsi Mompati",177,"Naledi",NA,"NW392","Local Municipality","Local Municipality","",""
178,211,"ZAF","South Africa",7,"North West",41,"Ngaka Modiri Molema",178,"Ditsobotla",NA,"NW384","Local Municipality","Local Municipality","",""
179,211,"ZAF","South Africa",7,"North West",41,"Ngaka Modiri Molema",179,"Mafikeng",NA,"NW383","Local Municipality","Local Municipality","",""
180,211,"ZAF","South Africa",7,"North West",41,"Ngaka Modiri Molema",180,"Ramotshere Moiloa",NA,"NW385","Local Municipality","Local Municipality","",""
181,211,"ZAF","South Africa",7,"North West",41,"Ngaka Modiri Molema",181,"Ratlou",NA,"NW381","Local Municipality","Local Municipality","",""
182,211,"ZAF","South Africa",7,"North West",41,"Ngaka Modiri Molema",182,"Tswaing",NA,"NW382","Local Municipality","Local Municipality","",""
183,211,"ZAF","South Africa",8,"Northern Cape",42,"Frances Baard",183,"Dikgatlong",NA,"NC092","Local Municipality","Local Municipality","",""
184,211,"ZAF","South Africa",8,"Northern Cape",42,"Frances Baard",184,"Magareng",NA,"NC093","Local Municipality","Local Municipality","",""
185,211,"ZAF","South Africa",8,"Northern Cape",42,"Frances Baard",185,"Phokwane",NA,"NC094","Local Municipality","Local Municipality","",""
186,211,"ZAF","South Africa",8,"Northern Cape",42,"Frances Baard",186,"Sol Plaatjie",NA,"NC091","Local Municipality","Local Municipality","",""
187,211,"ZAF","South Africa",8,"Northern Cape",43,"John Taolo Gaetsewe",187,"Ga-Segonyana",NA,"NC452","Local Municipality","Local Municipality","",""
188,211,"ZAF","South Africa",8,"Northern Cape",43,"John Taolo Gaetsewe",188,"Gamagara",NA,"NC453","Local Municipality","Local Municipality","",""
189,211,"ZAF","South Africa",8,"Northern Cape",43,"John Taolo Gaetsewe",189,"Joe Morolong",NA,"NC451","Local Municipality","Local Municipality","",""
190,211,"ZAF","South Africa",8,"Northern Cape",44,"Namakwa",190,"Hantam",NA,"NC065","Local Municipality","Local Municipality","",""
191,211,"ZAF","South Africa",8,"Northern Cape",44,"Namakwa",191,"Kamiesberg",NA,"NC064","Local Municipality","Local Municipality","",""
192,211,"ZAF","South Africa",8,"Northern Cape",44,"Namakwa",192,"Karoo Hoogland",NA,"NC066","Local Municipality","Local Municipality","",""
193,211,"ZAF","South Africa",8,"Northern Cape",44,"Namakwa",193,"Khâi-Ma",NA,"NC067","Local Municipality","Local Municipality","",""
194,211,"ZAF","South Africa",8,"Northern Cape",44,"Namakwa",194,"Nama Khoi",NA,"NC062","Local Municipality","Local Municipality","",""
195,211,"ZAF","South Africa",8,"Northern Cape",44,"Namakwa",195,"Richtersveld",NA,"NC061","Local Municipality","Local Municipality","",""
196,211,"ZAF","South Africa",8,"Northern Cape",45,"Pixley ka Seme",196,"Emthanjeni",NA,"NC073","Local Municipality","Local Municipality","",""
197,211,"ZAF","South Africa",8,"Northern Cape",45,"Pixley ka Seme",197,"Kareeberg",NA,"NC074","Local Municipality","Local Municipality","",""
198,211,"ZAF","South Africa",8,"Northern Cape",45,"Pixley ka Seme",198,"Renosterberg",NA,"NC075","Local Municipality","Local Municipality","",""
199,211,"ZAF","South Africa",8,"Northern Cape",45,"Pixley ka Seme",199,"Siyancuma",NA,"NC078","Local Municipality","Local Municipality","",""
200,211,"ZAF","South Africa",8,"Northern Cape",45,"Pixley ka Seme",200,"Siyathemba",NA,"NC077","Local Municipality","Local Municipality","",""
201,211,"ZAF","South Africa",8,"Northern Cape",45,"Pixley ka Seme",201,"Thembelihle",NA,"NC076","Local Municipality","Local Municipality","",""
202,211,"ZAF","South Africa",8,"Northern Cape",45,"Pixley ka Seme",202,"Ubuntu",NA,"NC071","Local Municipality","Local Municipality","",""
203,211,"ZAF","South Africa",8,"Northern Cape",45,"Pixley ka Seme",203,"Umsobomvu",NA,"NC072","Local Municipality","Local Municipality","",""
204,211,"ZAF","South Africa",8,"Northern Cape",46,"Siyanda",204,"!Kheis",NA,"NC084","Local Municipality","Local Municipality","",""
205,211,"ZAF","South Africa",8,"Northern Cape",46,"Siyanda",205,"//Khara Hais",NA,"NC083","Local Municipality","Local Municipality","",""
206,211,"ZAF","South Africa",8,"Northern Cape",46,"Siyanda",206,"Kai !Garib",NA,"NC082","Local Municipality","Local Municipality","",""
207,211,"ZAF","South Africa",8,"Northern Cape",46,"Siyanda",207,"Kgatelopele",NA,"NC086","Local Municipality","Local Municipality","",""
208,211,"ZAF","South Africa",8,"Northern Cape",46,"Siyanda",208,"Mier",NA,"NC081","Local Municipality","Local Municipality","",""
209,211,"ZAF","South Africa",8,"Northern Cape",46,"Siyanda",209,"Tsantsabane",NA,"NC085","Local Municipality","Local Municipality","",""
210,211,"ZAF","South Africa",9,"Western Cape",47,"Cape Winelands",210,"Breede Valley",NA,"WC025","Local Municipality","Local Municipality","",""
211,211,"ZAF","South Africa",9,"Western Cape",47,"Cape Winelands",211,"Drakenstein",NA,"WC023","Local Municipality","Local Municipality","",""
212,211,"ZAF","South Africa",9,"Western Cape",47,"Cape Winelands",212,"Langeberg",NA,"WC026","Local Municipality","Local Municipality","",""
213,211,"ZAF","South Africa",9,"Western Cape",47,"Cape Winelands",213,"Stellenbosch",NA,"WC024","Local Municipality","Local Municipality","",""
214,211,"ZAF","South Africa",9,"Western Cape",47,"Cape Winelands",214,"Witzenberg",NA,"WC022","Local Municipality","Local Municipality","",""
215,211,"ZAF","South Africa",9,"Western Cape",48,"Central Karoo",215,"Beaufort West",NA,"WC053","Local Municipality","Local Municipality","",""
216,211,"ZAF","South Africa",9,"Western Cape",48,"Central Karoo",216,"Laingsburg",NA,"WC051","Local Municipality","Local Municipality","",""
217,211,"ZAF","South Africa",9,"Western Cape",48,"Central Karoo",217,"Prince Albert",NA,"WC052","Local Municipality","Local Municipality","",""
218,211,"ZAF","South Africa",9,"Western Cape",49,"City of Cape Town",218,"City of Cape Town",NA,"CPT","Metropolitan Municipality","Metropolitan Municipality","",""
219,211,"ZAF","South Africa",9,"Western Cape",50,"Eden",219,"Bitou",NA,"WC047","Local Municipality","Local Municipality","",""
220,211,"ZAF","South Africa",9,"Western Cape",50,"Eden",220,"George",NA,"WC044","Local Municipality","Local Municipality","",""
221,211,"ZAF","South Africa",9,"Western Cape",50,"Eden",221,"Hessequa",NA,"WC042","Local Municipality","Local Municipality","",""
222,211,"ZAF","South Africa",9,"Western Cape",50,"Eden",222,"Kannaland",NA,"WC041","Local Municipality","Local Municipality","",""
223,211,"ZAF","South Africa",9,"Western Cape",50,"Eden",223,"Knysna",NA,"WC048","Local Municipality","Local Municipality","",""
224,211,"ZAF","South Africa",9,"Western Cape",50,"Eden",224,"Mossel Bay",NA,"WC043","Local Municipality","Local Municipality","",""
225,211,"ZAF","South Africa",9,"Western Cape",50,"Eden",225,"Oudtshoorn",NA,"WC045","Local Municipality","Local Municipality","",""
226,211,"ZAF","South Africa",9,"Western Cape",51,"Overberg",226,"Cape Agulhas",NA,"WC033","Local Municipality","Local Municipality","",""
227,211,"ZAF","South Africa",9,"Western Cape",51,"Overberg",227,"Overstrand",NA,"WC032","Local Municipality","Local Municipality","",""
228,211,"ZAF","South Africa",9,"Western Cape",51,"Overberg",228,"Swellendam",NA,"WC034","Local Municipality","Local Municipality","",""
229,211,"ZAF","South Africa",9,"Western Cape",51,"Overberg",229,"Theewaterskloof",NA,"WC031","Local Municipality","Local Municipality","",""
230,211,"ZAF","South Africa",9,"Western Cape",52,"West Coast",230,"Bergrivier",NA,"WC013","Local Municipality","Local Municipality","",""
231,211,"ZAF","South Africa",9,"Western Cape",52,"West Coast",231,"Cederberg",NA,"WC012","Local Municipality","Local Municipality","",""
232,211,"ZAF","South Africa",9,"Western Cape",52,"West Coast",232,"Matzikama",NA,"WC011","Local Municipality","Local Municipality","",""
233,211,"ZAF","South Africa",9,"Western Cape",52,"West Coast",233,"Saldanha Bay",NA,"WC014","Local Municipality","Local Municipality","",""
234,211,"ZAF","South Africa",9,"Western Cape",52,"West Coast",234,"Swartland",NA,"WC015","Local Municipality","Local Municipality","",""
